{
    "model_name": "fraud_model_1.0.0",
    "timestamp": "2025-05-11 22:50:01",
    "metrics": {
        "precision": 0.9997716453828454,
        "recall": 0.9991924440855307,
        "f1_score": 0.9994819608221897,
        "roc_auc": 0.9998956274784428
    },
    "scaler": {
        "mean": [
            284314.5,
            3.6228282349915695e-16,
            2.3578272651321698e-17,
            -4.854193533413349e-16,
            6.84968802107888e-16,
            3.544733532495313e-16,
            4.69234267877292e-16,
            -2.166004030002773e-16,
            5.100300079872766e-17,
            -7.808804196725864e-16,
            8.78340610229215e-16,
            5.003389382958436e-16,
            -4.519834977736414e-16,
            2.7336476138188443e-16,
            3.7675282274633103e-16,
            1.6494134009529111e-15,
            4.675108559991764e-16,
            -1.473808553932545e-16,
            2.851372463850514e-16,
            3.6279068883522e-16,
            1.9923307363916958e-16,
            8.701564852234772e-17,
            -1.143446315654139e-16,
            9.26313070334058e-17,
            1.4906846692800835e-15,
            1.4806355961550321e-16,
            5.570762382783981e-16,
            -1.46086215069356e-16,
            -2.3303525830172825e-17,
            8052.8275195005635,
            88069.84330887927
        ],
        "scale": [
            133988.7378727073,
            1.3951996506345647,
            1.2554947811929238,
            1.1972912372410187,
            1.1555424642349748,
            1.1410693661174673,
            1.1218784127037522,
            1.0848973430496542,
            1.0687945804274088,
            1.0339611346421793,
            1.030502083272701,
            1.0069590658504817,
            0.9997329754184356,
            0.9984248326514764,
            0.9863753198965253,
            0.9725590720416184,
            0.9604770902295644,
            0.9523741666216071,
            0.9490686524198121,
            0.942031609837744,
            0.9298486558070341,
            0.9199624468824313,
            0.9176228582234428,
            0.8924210352230837,
            0.8880835210266124,
            0.8700364337691718,
            0.8624881078222735,
            0.8489117497793319,
            0.8382376784616886,
            7980.898687580718,
            27845.148552003182
        ],
        "features": [
            "id",
            "V1",
            "V2",
            "V3",
            "V4",
            "V5",
            "V6",
            "V7",
            "V8",
            "V9",
            "V10",
            "V11",
            "V12",
            "V13",
            "V14",
            "V15",
            "V16",
            "V17",
            "V18",
            "V19",
            "V20",
            "V21",
            "V22",
            "V23",
            "V24",
            "V25",
            "V26",
            "V27",
            "V28",
            "Amount",
            "Time"
        ]
    },
    "hash": "8afc14406a612d950bc51d80ea2c3e145689d9601989d63111f0e97abf8c0600"
}